"tow.id","longitude","latitude","station","new.station","fish.sample","longitude.alt1","latitude.alt1","longitude.alt2","latitude.alt2","longitude.alt3","latitude.alt3"
"GP354F",-60.389115,47.3834241666667,"regular","No","No",-60.3644645476999,47.3336760203759,-60.3473412695296,47.4286293572348,-60.2868422184492,47.3398750855472
"GP351F",-60.4630833333333,47.4317333333333,"fixed 2013","Yes","No",NA,NA,NA,NA,NA,NA
"GP353F",-60.4023091666667,47.5227383333333,"regular","No","No",-60.399121035088,47.474124086607,-60.3681268136458,47.4961606844316,-60.3544128813865,47.5080516078185
"GP352F",-60.4383158333333,47.5562308333333,"regular","No","No",-60.5451930110558,47.5861953784493,-60.5199067169306,47.6000317594128,-60.5403137647663,47.6270714613186
"GP350F",-60.4856,47.51165,"fixed 2013","Yes","No",NA,NA,NA,NA,NA,NA
"GP346F",-60.6084741666667,47.4794866666667,"regular","No","No",-60.6402782717562,47.5084434884497,-60.6223319507795,47.4972988859766,-60.6347913004581,47.4613762020749
"GP342F",-60.6950741666667,47.566605,"regular","No","No",-60.6906080555908,47.6542349078208,-60.6983723596159,47.5579353199401,-60.7091648972088,47.6113267277121
"GP334F",-62.44035,48.33145,"fixed 2013","Yes","No",NA,NA,NA,NA,NA,NA
"GP323F",-61.0042775,47.6273408333333,"regular","No","No",-60.9584362796707,47.5642771008831,-61.0060951356574,47.6497495567947,-60.9494912013406,47.6079299956406
"GP325F",-60.9530175,47.781615,"regular","No","No",-60.9256901551989,47.7603042578341,-60.9202423981208,47.6761063888381,-60.9681080812633,47.7665459714068
"GP335F",-60.8319,47.77045,"fixed 2013","Yes","No",NA,NA,NA,NA,NA,NA
"GP344F",-60.6772466666667,47.7438775,"regular","No","No",-60.7184567052481,47.7440669673467,-60.6865654966921,47.7131188241908,-60.6376171533503,47.7554775103376
"GP341F",-60.6975291666667,47.8141591666667,"regular","No","No",-60.6828974054322,47.8536377451085,-60.6723353142558,47.816635069484,-60.6900386400238,47.836572555826
"GP331F",-60.8979833333333,47.8317833333333,"fixed 2013","Yes","No",NA,NA,NA,NA,NA,NA
"GP326F",-60.9772816666667,47.8210358333333,"regular","No","No",-60.9754180263309,47.8881201914128,-60.9492468529039,47.8610930158223,-61.0289680511194,47.848335616764
"GP315F",-61.0873691666667,47.8450475,"regular","No","Yes",-61.0962174802575,47.8768728584456,-61.0891579449316,47.8575773673551,-61.0931175109011,47.903848720646
"GP324F",-60.9678833333333,47.9159166666667,"fixed 2013","Yes","Yes",NA,NA,NA,NA,NA,NA
"GP313F",-61.1034341666667,47.9680358333333,"regular","No","No",-61.1418163686622,47.9545748465252,-61.1585926205129,47.9515177302903,-61.2060696509415,48.021076964021
"GP320F",-61.0135791666667,48.0333891666667,"regular","No","Yes",-61.0539782825748,48.1182609046096,-61.0013679913881,48.0751230119675,-61.0569244106227,48.0403633025156
"GP312F",-61.1146833333333,48.08115,"fixed 2013","Yes","No",NA,NA,NA,NA,NA,NA
"GP316F",-61.2408841666667,48.1955666666667,"regular","No","No",-61.2351078262645,48.1878291064798,-61.2024084816197,48.1758350152448,-61.1994759628225,48.1749888054543
"GP295F",-61.4039241666667,48.0940525,"regular","No","No",-61.4125365443857,48.091203925505,-61.3038348076525,48.0737543302621,-61.2913911017364,48.0936817009931
"GP293F",-61.4379666666667,48.2268,"fixed 2013","Yes","No",NA,NA,NA,NA,NA,NA
"GP282F",-61.60599,48.2244625,"regular","No","No",-61.7237423634069,48.2290993612818,-61.6868230540687,48.2349700515637,-61.6129923968242,48.2400002313737
"GP273F",-61.7067575,48.1137791666667,"regular","No","No",-61.7273478675723,48.1367351827662,-61.6881138805145,48.079955698882,-61.6186537547828,48.0879773981509
"GP269F",-61.7842316666667,48.2837725,"regular","No","No",-61.8725738960371,48.3178762863189,-61.7993330589246,48.3202929179286,-61.8917424672994,48.3334769041786
"GP260F",-61.8834841666667,48.2347566666667,"regular","No","Yes",-61.8603762025895,48.1645735008325,-61.8805236689228,48.2232311107517,-61.8710412366016,48.2524788257904
"GP251F",-61.951805,48.2492041666667,"regular","No","No",-62.0264528002634,48.2538716262041,-61.9419153743643,48.2344370134016,-62.0427625691823,48.2014466201484
"GP250F",-61.9567333333333,48.2835333333333,"fixed 2013","Yes","No",NA,NA,NA,NA,NA,NA
"GP235F",-62.11169,48.4029933333333,"regular","No","Yes",-62.2632089566252,48.4138131494364,-62.1399828813436,48.3823407936163,-62.2248708643433,48.3811785664676
"GP237F",-62.1084033333333,48.3600066666667,"regular","No","No",-62.1702370380982,48.3426347777026,-62.266696131443,48.3432262470932,-62.2689783266271,48.2869065244836
"GP208F",-62.597418542885,48.2924839934846,"regular","Yes","No",-62.5242203402384,48.3409443349841,-62.4995608970166,48.3505755501202,-62.4735173267253,48.2805733018658
"GP120F",-63.2433983333333,48.9107775,"regular","No","Yes",-63.1791573346589,48.8776687084991,-63.2022931664052,48.8872492517721,-63.2763587352077,48.9146311012187
"GP098F",-63.4243083333333,48.93282,"regular","No","No",-63.4200239252079,48.9157737639016,-63.4217310729529,48.8603735620327,-63.3581563473582,48.8929660582162
"GP081F",-63.5933766666667,48.8992316666667,"regular","No","No",-63.6505502107618,48.9413011395097,-63.4894035732818,48.9406847752168,-63.6281909394398,48.8704832389937
"GP072F",-63.669025,48.7396291666667,"regular","No","No",-63.7597986298192,48.810855348987,-63.7745348009852,48.7355280428283,-63.7936884693469,48.7710002878753
"GP085F",-63.5538033333333,48.8346541666667,"regular","No","Yes",-63.55039327349,48.7515903064183,-63.5973084966259,48.7295996139747,-63.5269072180468,48.8261308664217
"GP109F",-63.3383434223162,48.7979733818751,"fixed 2013","Yes","No",NA,NA,NA,NA,NA,NA
"GP122F",-63.2707041666667,48.7538133333333,"regular","No","No",-63.1647501687291,48.8150914636381,-63.2461027761195,48.77550354023,-63.2499547472911,48.7953617851578
"GP121F",-63.2382008333333,48.66839,"regular","No","No",-63.1508242087158,48.7175751526435,-63.1812000971396,48.6550439554768,-63.2365901921567,48.711285671454
"GP142F",-63.1117333333333,48.7189666666667,"fixed 2013","Yes","No",NA,NA,NA,NA,NA,NA
"GP156F",-62.9306725,48.5918166666667,"regular","No","No",-62.89189900557,48.5189854067427,-62.8884591675298,48.5246743164238,-62.9329107055246,48.5899573744789
"GP134F",-63.1471191666667,48.5648241666667,"regular","No","Yes",-63.2274497314793,48.5003699457493,-63.2205213548281,48.5406415632584,-63.1496555834525,48.5835269179293
"GP139F",-63.206,48.1530333333333,"fixed 2013","Yes","Yes",NA,NA,NA,NA,NA,NA
"GP115F",-63.3032875,48.4400125,"regular","No","No",-63.2825899323784,48.4358002384056,-63.2801013345636,48.435659108528,-63.196331640058,48.4068966771151
"GP130F",-63.1718483333333,48.30887,"regular","No","No",-63.3038146696539,48.3280794924383,-63.1462284628195,48.3672951734653,-63.1738709255504,48.316015878564
"GP152F",-62.9780666666667,48.3112433333333,"regular","No","No",-62.9965807618694,48.3207355483586,-63.0731683862786,48.2700787305743,-63.0836931814085,48.3386914359688
"GP138F",-62.9629216666667,48.3866941666667,"regular","No","No",-63.1031595611004,48.4764422956738,-62.9628511165772,48.3836237185781,-63.1212431641941,48.4324099118649
"GP166F",-62.8463866666667,48.4163958333333,"regular","No","Yes",-62.8640845219513,48.4370225293923,-62.9102152761153,48.4439524953424,-62.9335980212109,48.4454241817263
"GP187F",-62.62345,48.4263833333333,"fixed 2013","Yes","No",NA,NA,NA,NA,NA,NA
"GP203F",-63.1195186396794,48.5944721815475,"regular","Yes","No",-63.1136920877381,48.5510282505432,-63.083109999038,48.5368088168609,-63.0635154350317,48.5918309042037
"GP181F",-62.6751458333333,48.3083283333333,"regular","No","No",-62.7278294826378,48.3148010595473,-62.7898427721558,48.3035023792375,-62.7298255783789,48.3347887724195
"GP165F",-62.8542666666667,48.3755166666667,"fixed 2013","Yes","No",NA,NA,NA,NA,NA,NA
"GP153F",-62.9684,48.2097275,"regular","No","No",-62.978906614434,48.1895658183667,-62.9918513578004,48.1777805674722,-63.1084460269766,48.2503142796924
"GP169F",-62.8479841666667,48.1788733333333,"regular","No","No",-62.8318321129154,48.2007656485487,-62.8543967897273,48.2526093767638,-62.894309979195,48.1739433667526
"GP180F",-62.7867166666667,48.2647333333333,"fixed 2013","Yes","No",NA,NA,NA,NA,NA,NA
"GP185F",-62.663935,48.1440275,"regular","No","No",-62.6780230129359,48.1088837868697,-62.7679574541624,48.1022838763553,-62.7204480387189,48.0873694642737
"GP201F",-62.5405691666667,48.1733983333333,"regular","No","No",-62.5912820005441,48.1891931731167,-62.5396242439634,48.2260609232447,-62.4673352623129,48.2431828706579
"GP207F",-62.3634666666667,48.25945,"fixed 2013","Yes","Yes",NA,NA,NA,NA,NA,NA
"GP227F",-62.2104341666667,48.1813958333333,"regular","No","No",-62.1314057033785,48.1590277148242,-62.2741640531995,48.1656968208404,-62.1347037545767,48.1536704638516
"GP230F",-62.1820333333333,48.1386233333333,"regular","No","No",-62.1318674103727,48.0649936490704,-62.2333395373442,48.1325265638948,-62.2119162268927,48.1398318995057
"GP217F",-62.3767283333333,48.0781216666667,"regular","No","No",-62.3070917698414,48.0508218206824,-62.3751225847399,48.150633121979,-62.4101842572273,48.1444796204077
"GP200F",-62.5031058333333,48.0650741666667,"regular","No","No",-62.5542029053469,48.085011782101,-62.4900768376429,48.0964637432786,-62.4984944517834,48.0969970588654
"GP218F",-62.3675408333333,48.0335775,"regular","No","No",-62.4298018589767,48.0029949303643,-62.2814859091871,47.9723178690657,-62.356219667212,47.9733754219674
"GP236F",-62.2583225,47.9631491666667,"regular","No","Yes",-62.1242609972785,47.973047396477,-62.1637605731387,47.9383297540871,-62.2567922663964,47.9994584644678
"GP243F",-62.0081308333333,48.0116075,"regular","No","No",-61.9735823599252,48.0136947239385,-61.9533718460267,48.0010699317377,-61.9731618198731,48.0155617084975
"GP249F",-62.0591583333333,48.1280066666667,"regular","No","Yes",-61.9781865791691,48.1134756369473,-62.0349430090769,48.0875918240665,-62.0316243265808,48.0540271172478
"GP261F",-61.88365,48.04405,"fixed 2013","Yes","No",NA,NA,NA,NA,NA,NA
"GP257F",-61.9129533333333,47.9856408333333,"regular","No","No",-61.9339586410006,47.9355078537224,-61.781810213928,48.0081455801291,-61.8560296579462,48.0084671707526
"GP278F",-61.67208,47.9501308333333,"regular","No","Yes",-61.74731661287,47.9829548882462,-61.6422448778784,47.9552731818642,-61.6123038808662,47.956756536343
"GP290F",-61.4583166666667,48.0426166666667,"fixed 2013","Yes","No",NA,NA,NA,NA,NA,NA
"GP287F",-61.4587741666667,47.9863216666667,"regular","No","Yes",-61.4383235852419,47.9624992625857,-61.573816928365,47.9309279903647,-61.4707182530775,48.0119589264817
"GP303F",-61.3783041666667,47.9546708333333,"regular","No","No",-61.2693225839789,47.9339175587214,-61.4169060369976,48.0261618251827,-61.329810438737,48.0119340559019
"GP300F",-61.3024833333333,47.8761166666667,"fixed 2013","Yes","No",NA,NA,NA,NA,NA,NA
"GP253F",-61.9403425,47.6989641666667,"regular","No","No",-61.9332840114043,47.7830836543995,-61.8927446043356,47.7974527515073,-61.8487877925703,47.7148793909064
"GP242F",-61.9626666666667,47.7064058333333,"regular","No","No",-62.0755910054381,47.7668195835676,-62.056559465699,47.7509151174682,-61.9454789748225,47.7454649104693
"GP239F",-61.985005,47.67357,"regular","No","No",-62.0602165149323,47.6808829404623,-62.0770408377596,47.6627270231019,-62.0259299547466,47.6416194889129
"GP224F",-62.2157275,47.65038,"regular","No","Yes",-62.2249514311948,47.6865054260776,-62.1909041770273,47.5828844461939,-62.2656636009663,47.6762417265853
"GP213F",-62.3876625,47.6301833333333,"regular","No","Yes",-62.325949870373,47.6103519812589,-62.4305453650692,47.6144973589872,-62.3462452586048,47.6077650310037
"GP205F",-62.4655166666667,47.60025,"fixed 2013","Yes","No",NA,NA,NA,NA,NA,NA
"GP222F",-62.2737583333333,47.5571408333333,"regular","No","No",-62.2230323771747,47.5738269184819,-62.2525733197839,47.4926902875978,-62.2598661432705,47.514492632172
"GP211F",-62.39372,47.5071325,"regular","No","No",-62.3531675459089,47.5547107533382,-62.3195124526442,47.5676511274928,-62.3809574833719,47.4615906636522
"GP194F",-62.5783333333333,47.4879166666667,"fixed 2013","Yes","No",NA,NA,NA,NA,NA,NA
"GP199F",-62.5135716666667,47.4288525,"regular","No","No",-62.6215921692574,47.3576265102858,-62.525639276999,47.421309461259,-62.6042061959068,47.433515098509
"GP219F",-62.3642483333333,47.3822725,"regular","No","No",-62.4359309801111,47.3500069612164,-62.3935975696387,47.4559449931609,-62.3914406058615,47.4399665133016
"GP212F",-62.3379,47.26305,"fixed 2013","Yes","No",NA,NA,NA,NA,NA,NA
"GP196F",-62.5690733333333,47.276665,"regular","No","No",-62.50804001146,47.2440726926513,-62.5857511535096,47.313241807936,-62.5895874573719,47.3070108098089
"GP188F",-62.6313975,47.2537091666667,"regular","No","No",-62.6686176877978,47.2481602291139,-62.6892652108754,47.3098763443758,-62.6439507194979,47.3144258300264
"GP234F",-62.2321666666667,46.5972333333333,"fixed 2013","Yes","Yes",NA,NA,NA,NA,NA,NA
"GP240F",-62.1889776844434,47.0824631771711,"regular","Yes","Yes",-62.2857007892115,47.0619514517533,-62.1885945190134,47.0258672823501,-62.2392444680415,47.074388670879
"GP265F",-62.1257210778824,46.601339477567,"regular","Yes","No",-62.1052973536785,46.6055491231205,-62.0256637465694,46.6426846069484,-62.1082632343291,46.6199085248286
"GP274F",-61.7218333333333,46.5991666666667,"fixed 2013","Yes","Yes",NA,NA,NA,NA,NA,NA
"GP268F",-61.7709208333333,46.6797516666667,"regular","No","No",-61.6703342811981,46.7520837673988,-61.7140048574283,46.7548806565618,-61.6848453622068,46.6625154809961
"GP259F",-61.8856558333333,46.6825516666667,"regular","No","Yes",-61.8398009098011,46.6631658662226,-61.7965084447817,46.7021711329643,-61.8036952925258,46.7145365726286
"GP248F",-61.9684333333333,46.73455,"fixed 2013","Yes","Yes",NA,NA,NA,NA,NA,NA
"GP263F",-61.8639866666667,46.7728,"regular","No","Yes",-61.8601466096865,46.8218451521873,-61.8576031543322,46.7771719945004,-61.8284080505051,46.8215268582948
"GP245F",-61.9876983333333,46.7889225,"regular","No","No",-61.979929887116,46.8305147000668,-61.9916574978702,46.8283251215409,-62.0836032023809,46.8594419055296
"GP233F",-62.2115733333333,46.811785,"regular","No","No",-62.1476952137471,46.7959998005344,-62.2843894844332,46.8222796115945,-62.2870218455919,46.838267638054
"GP226F",-62.2087258333333,46.70695,"regular","No","No",-62.2414753690141,46.7597067045944,-62.1642128467778,46.6675756419038,-62.2634592001684,46.6947166058766
"GP220F",-62.2966558333333,46.7350741666667,"regular","No","No",-62.3715368513337,46.7434171043,-62.3537985486281,46.716784916017,-62.3263771276916,46.7549993379044
"GP214F",-62.4312833333333,46.5436,"fixed 2013","Yes","No",NA,NA,NA,NA,NA,NA
"GP192F",-62.5359608333333,46.614625,"regular","No","No",-62.5015715110639,46.6322766435905,-62.553671543946,46.6104474091494,-62.5415229500955,46.6484413765375
"GP197F",-62.5749866666667,46.6623641666667,"regular","No","No",-62.548439026551,46.7041572966732,-62.4950912820555,46.6866942786041,-62.5497669288105,46.6795086462591
"GP189F",-62.6322166666667,46.6092666666667,"fixed 2013","Yes","No",NA,NA,NA,NA,NA,NA
"GP174F",-62.7860391666667,46.6655075,"regular","No","No",-62.6522351233539,46.6896242317568,-62.6597799537946,46.6997808026611,-62.7651991220404,46.6575554885348
"GP162F",-62.8447883333333,46.6060141666667,"regular","No","No",-62.8786769541021,46.6386163273409,-62.9360978381533,46.6234696386901,-62.9541211925673,46.57900273477
"GP154F",-62.9702,46.6404,"fixed 2013","Yes","No",NA,NA,NA,NA,NA,NA
"GP133F",-63.1650266666667,46.620375,"regular","No","No",-63.278853141624,46.6336515488867,-63.1856850759845,46.5644838685085,-63.2255213938014,46.641743182392
"GP141F",-63.1164825,46.6753975,"regular","No","No",-63.1083965294515,46.6654402375938,-63.0988667238829,46.7084338272749,-63.1157492354148,46.7310287734723
"GP170F",-62.8413166666667,46.67895,"fixed 2013","Yes","No",NA,NA,NA,NA,NA,NA
"GP159F",-62.8353941666667,46.83412,"regular","No","Yes",-62.8707582861218,46.825866117039,-62.8036112440843,46.8047915566628,-62.8671504967006,46.7992701200896
"GP184F",-62.6899925,46.8198291666667,"regular","No","No",-62.6693499737686,46.88186094569,-62.6292717778963,46.7720734141393,-62.641447037146,46.8342023314398
"GP202F",-62.49635,46.7967166666667,"fixed 2013","Yes","No",NA,NA,NA,NA,NA,NA
"GP206F",-62.437825,46.8815366666667,"regular","No","No",-62.322084705632,46.8812175952458,-62.31514589833,46.8638344016724,-62.3941819124422,46.8831873629264
"GP215F",-62.3356091666667,46.9437066666667,"regular","No","Yes",-62.3266636878322,46.9552882796112,-62.4552168508174,46.9457418590586,-62.3360607815502,46.9855602010899
"GP198F",-62.5399666666667,46.9357833333333,"fixed 2013","Yes","No",NA,NA,NA,NA,NA,NA
"GP179F",-62.6876791666667,47.0131116666667,"regular","No","Yes",-62.694443786991,47.0374345891163,-62.7327665354541,47.1017745870194,-62.7026960255757,47.0831568941948
"GP176F",-62.7721575,46.989385,"regular","No","No",-62.7637139928583,46.994250397596,-62.7307555975788,46.9070125922633,-62.6680435711183,46.9649487809419
"GP158F",-62.9161166666667,46.9425833333333,"fixed 2013","Yes","No",NA,NA,NA,NA,NA,NA
"GP149F",-63.0144183333333,46.9239166666667,"regular","No","No",-63.0795283370137,46.998024470794,-63.1258097068929,46.9211932521421,-63.0932158360926,46.9898689223274
"GP147F",-63.022335,46.8825808333333,"regular","No","No",-63.0615173700862,46.7923966662282,-63.1265541391393,46.8674513827716,-62.9765106712278,46.8045524087362
"GP123F",-63.1634333333333,46.86925,"fixed 2013","Yes","Yes",NA,NA,NA,NA,NA,NA
"GP128F",-63.2138091666667,46.7471408333333,"regular","No","No",-63.1736917264163,46.702712049632,-63.2619379646498,46.7693541458666,-63.1384057082284,46.6588638821847
"GP099F",-63.416525,46.7917708333333,"regular","No","No",-63.3786727560615,46.8350025161431,-63.3283742197942,46.8063234487341,-63.4428626813818,46.8737673632669
"GP094F",-63.5661166666667,46.7780333333333,"fixed 2013","Yes","Yes",NA,NA,NA,NA,NA,NA
"GP077F",-63.6560225,46.8967016666667,"regular","No","Yes",-63.7779661273974,46.990538708893,-63.7037251769278,46.9858369492362,-63.732119287727,46.9076781827212
"GP084F",-63.5844683333333,46.9234883333333,"regular","No","No",-63.5424583593479,46.9531596502149,-63.5335358478985,46.9523824410688,-63.515127193806,46.9878576109817
"GP113F",-63.4402666666667,46.9689666666667,"fixed 2013","Yes","No",NA,NA,NA,NA,NA,NA
"GP127F",-63.2000166666667,46.9576408333333,"regular","No","No",-63.2335209950243,46.9241772520851,-63.1733404228247,46.9537803315635,-63.2019044821997,46.9991379933768
"GP125F",-63.2880625,47.0086958333333,"regular","No","No",-63.1804966869166,47.0699572316794,-63.252870196886,47.0131525929937,-63.1472779516301,47.0568091043129
"GP106F",-63.4103166666667,47.0789166666667,"fixed 2013","Yes","No",NA,NA,NA,NA,NA,NA
"GP080F",-63.48084,47.1874066666667,"regular","No","No",-63.4863002525307,47.2088185775944,-63.4766465969747,47.2019867157212,-63.6001269140625,47.1599363329868
"GP088F",-63.5581883333333,47.1070458333333,"regular","No","No",-63.4961104366926,47.0944768433722,-63.5779840258567,47.0901212029124,-63.6091991391497,47.0631779004365
"GP068F",-63.7091166666667,47.10095,"fixed 2013","Yes","Yes",NA,NA,NA,NA,NA,NA
"GP076F",-63.6428383333333,47.2356466666667,"regular","No","No",-63.6814958201143,47.3069899533376,-63.6819802097902,47.2995889265103,-63.6643973226862,47.2995143980031
"GP061F",-63.76429,47.1947225,"regular","No","Yes",-63.7448643819721,47.1735534978632,-63.7184299052588,47.226703927451,-63.7650999605033,47.1175127109238
"GP049F",-63.83505,47.1288,"fixed 2013","Yes","No",NA,NA,NA,NA,NA,NA
"GP026F",-64.1884433333333,47.0882608333333,"regular","No","Yes",-64.2142723228022,47.079689477998,-64.2440921125094,47.0707408134903,-64.2550225353488,47.1037947258551
"GP024F",-64.24642,47.1894591666667,"regular","No","No",-64.2329787602667,47.206088536355,-64.2253977633729,47.1313244140111,-64.1565671256457,47.2207819349483
"GP036F",-64.0932,47.22495,"fixed 2013","Yes","Yes",NA,NA,NA,NA,NA,NA
"GP046F",-63.9497441666667,47.3345608333333,"regular","No","No",-63.9453944684957,47.334922425847,-63.8647275068758,47.2615218345834,-63.9578734290666,47.3315445914562
"GP067F",-63.8042916666667,47.3679791666667,"regular","No","No",-63.716454672732,47.3482348689341,-63.7434996743199,47.459976608873,-63.650871051288,47.4183134714417
"GP091F",-63.5124166666667,47.54975,"fixed 2013","Yes","No",NA,NA,NA,NA,NA,NA
"GP066F",-63.7865266666667,47.4704241666667,"regular","No","No",-63.6652328704412,47.4615407489329,-63.6491901469156,47.4818802707428,-63.799608956485,47.5345010529952
"GP048F",-63.8326925,47.4450116666667,"regular","No","No",-63.8603524758394,47.3530523948857,-63.8656752802631,47.4272327577957,-63.9093249970658,47.378003141631
"GP050F",-63.8880666666667,47.5093666666667,"fixed 2013","Yes","No",NA,NA,NA,NA,NA,NA
"GP044F",-64.0879758333333,47.4114358333333,"regular","No","No",-64.1310048922718,47.4128380397007,-64.1034291643313,47.392243534752,-63.9864682675033,47.3530114971734
"GP025F",-64.1903716666667,47.3124166666667,"regular","No","No",-64.3009939783084,47.2679402127742,-64.1981733372814,47.2489909582813,-64.2108490685851,47.2324116355522
"GP016F",-64.4408825,47.3005966666667,"regular","No","Yes",-64.3177594021132,47.255838320235,-64.4517147203094,47.3348927668801,-64.3455036220595,47.2591834637841
"GP023F",-64.286635,47.35605,"regular","No","No",-64.2800342260416,47.439357927889,-64.2118506654166,47.4274981989226,-64.30932346407,47.442912475221
"GP019F",-64.3465333333333,47.4335383333333,"regular","No","No",-64.3639416556137,47.4511412169857,-64.4262899992559,47.3962930686626,-64.3551174697616,47.3664518138174
"GP018F",-64.3276666666667,47.5410333333333,"fixed 2013","Yes","No",NA,NA,NA,NA,NA,NA
"GP028F",-64.1818275,47.5416766666667,"regular","No","No",-64.3067590933692,47.5480262565722,-64.2309046859716,47.4568318702013,-64.1922375479398,47.5346853726668
"GP032F",-64.1336108333333,47.550265,"regular","No","Yes",-63.9830036717439,47.4616088131596,-64.0675722365547,47.5047075539619,-64.0701555728146,47.5036527049487
"GP022F",-64.3014333333333,47.6742,"fixed 2013","Yes","No",NA,NA,NA,NA,NA,NA
"GP030F",-64.1572141666667,47.6965233333333,"regular","No","No",-64.2287331763117,47.7924346280188,-64.198573250161,47.7668205329908,-64.2770396049427,47.726712932789
"GP040F",-64.0955991666667,47.6797025,"regular","No","No",-63.9915843012281,47.5995716796753,-64.0886417637857,47.5996672041707,-64.0875365550556,47.6713756588765
"GP042F",-64.0009666666667,47.7666666666667,"fixed 2013","Yes","No",NA,NA,NA,NA,NA,NA
"GP041F",-64.0178108333333,47.8231225,"regular","No","No",-64.0813325372381,47.846822502214,-64.0685594703153,47.9060297254021,-64.0302055366886,47.905793534741
"GP015F",-64.4670433333333,48.1173175,"regular","No","No",-64.5062823203469,48.1282622318942,-64.4149232587252,48.1436228073322,-64.4509534883484,48.1305418397617
"GP012F",-64.7721,48.06805,"fixed 2013","Yes","No",NA,NA,NA,NA,NA,NA
"GP010F",-64.98892,48.0422766666667,"regular","No","Yes",-64.8860235476652,48.1315844847707,-64.9858475519767,48.0719799346205,-64.9439201856721,48.0834917753992
"GP011F",-65.014025,47.9507533333333,"regular","No","Yes",-64.864951233114,47.9647595899403,-64.9093269981642,47.9788565660628,-64.8926888733041,47.9384461081373
"GP007F",-65.1527666666667,47.9691666666667,"fixed 2013","Yes","No",NA,NA,NA,NA,NA,NA
"GP005F",-65.3459758333333,47.9557075,"regular","No","No",-65.2669371684295,47.9822469991243,-65.2371751613122,47.9194458387202,-65.2655072137515,47.9528610535757
"GP001F",-65.6276316666667,47.9751141666667,"regular","No","Yes",-65.6198364611882,48.0016234871565,-65.5350729335643,47.9397235070004,-65.5923150360951,47.8996338676612
"GP003F",-65.5176833333333,47.9091,"fixed 2013","Yes","No",NA,NA,NA,NA,NA,NA
"GP004F",-65.4786175,47.86207,"regular","No","Yes",-65.4768343971449,47.8312281353531,-65.4361411315439,47.8208722889028,-65.4129451570647,47.7927794393218
"GP002F",-65.5405816666667,47.78562,"regular","No","No",-65.5286314790234,47.8291001572512,-65.5777871390841,47.8844696066466,-65.5568966672655,47.8062907995859
"GP006F",-65.3357,47.8240666666667,"fixed 2013","Yes","No",NA,NA,NA,NA,NA,NA
"GP008F",-65.1370383333333,47.8959683333333,"regular","No","No",-65.1724026674885,47.8670793252328,-65.1826199547569,47.8696753676251,-65.1844177418557,47.8538823654975
"GP009F",-64.987165,47.8867991666667,"regular","No","Yes",-64.9328321660937,47.8988910216518,-64.9621190183926,47.8900196358522,-65.0123440894507,47.8956808181505
"GP013F",-64.6775833333333,48.2455833333333,"fixed 2013","Yes","Yes",NA,NA,NA,NA,NA,NA
"GP017F",-64.4224516666667,48.1969133333333,"regular","No","Yes",-64.4256221837165,48.2035376610872,-64.4141665729917,48.1604744046977,-64.3669766995631,48.1591210178221
"GP021F",-64.3066741666667,48.2515666666667,"regular","No","No",-64.3368525746799,48.1824999344468,-64.2027338933305,48.1960069942321,-64.2287052543364,48.1639814390135
"GP020F",-64.3376925,48.2706266666667,"regular","No","No",-64.1763993473533,48.3129679967258,-64.343166233493,48.3497136394988,-64.2923015115595,48.3655845224157
"GP014F",-64.363175,48.3443416666667,"regular","No","Yes",-64.409344586411,48.3158407352519,-64.4829369545558,48.3454266821725,-64.3549674588164,48.3694309432334
"GP034F",-64.1175258333333,48.45222,"regular","No","No",-64.1370721238647,48.4633467512976,-64.0061886588079,48.4599398977328,-64.0071060137074,48.4302117868715
"GP027F",-64.1817166666667,48.5425166666667,"fixed 2013","Yes","Yes",NA,NA,NA,NA,NA,NA
"GP033F",-64.1262816666667,48.5391758333333,"regular","No","No",-64.167999822785,48.585964092164,-64.0530839758682,48.5279822230006,-64.0793183437783,48.5103782098399
"GP057F",-63.9911725,48.5570091666667,"regular","No","No",-63.846432421741,48.5808582537238,-63.918004522737,48.5679753868004,-63.8890670328213,48.6073504664789
"GP038F",-64.0659102467277,48.6584391424085,"regular","Yes","Yes",-64.1328887830471,48.6798826193823,-64.1510831731981,48.6975535045044,-64.0623280700036,48.708389943502
"GP035F",-64.0640158333333,48.7549441666667,"regular","No","No",-64.0359658003821,48.7371776340245,-64.0299753501105,48.7635341484755,-64.114286401461,48.7355893085977
"GP054F",-63.9570291666667,48.7313633333333,"regular","No","Yes",-63.983343343023,48.7778961661931,-63.9410169652826,48.7583417869806,-63.9011363238198,48.7670543184547
"GP064F",-63.82442,48.6614525,"regular","No","No",-63.6802042544108,48.707177083301,-63.6965566983403,48.7212281186794,-63.7832050475827,48.7172518417042
"GP056F",-63.84689,48.6197441666667,"regular","No","Yes",-63.8927645459101,48.6604629314496,-63.8585493884803,48.6583556709395,-63.8458607964566,48.6624863724713
"GP074F",-63.7944775,48.6052925,"regular","No","No",-63.7453326995579,48.6106615029294,-63.82447098469,48.5269189036219,-63.8149196160679,48.5712367416413
"GP083F",-63.52445,48.5392,"fixed 2013","Yes","No",NA,NA,NA,NA,NA,NA
"GP078F",-63.5091708333333,48.6427533333333,"regular","No","Yes",-63.5043838708092,48.6527923746912,-63.5628282872019,48.6430907697611,-63.5514406101046,48.661496047647
"GP107F",-63.4780433333333,48.6332216666667,"regular","No","No",-63.4087106105346,48.69827641557,-63.3838629457409,48.6376085624908,-63.3806083146968,48.6352521734537
"GP096F",-63.455,48.5452333333333,"fixed 2013","Yes","Yes",NA,NA,NA,NA,NA,NA
"GP112F",-63.4082175,48.4384883333333,"regular","No","Yes",-63.4671159543148,48.4771288575184,-63.3307615479913,48.4533349396315,-63.3321861439227,48.4466324543787
"GP103F",-63.3639516666667,48.3797791666667,"regular","No","No",-63.391802618431,48.3304342792158,-63.4544571605329,48.3282177568536,-63.4435025346182,48.2764287000817
"GP089F",-63.52085,48.30785,"fixed 2013","Yes","No",NA,NA,NA,NA,NA,NA
"GP086F",-63.6152366666667,48.4064441666667,"regular","No","Yes",-63.5535907717586,48.4398685726393,-63.6213413075858,48.4567496226968,-63.4869638392368,48.4108209454599
"GP073F",-63.7541525,48.3194475,"regular","No","Yes",-63.7256946887605,48.3018260688094,-63.7918445847748,48.3171815845633,-63.8070708131159,48.2950349434123
"GP065F",-63.7347166666667,48.4575333333333,"fixed 2013","Yes","Yes",NA,NA,NA,NA,NA,NA
"GP059F",-63.8894766666667,48.4114816666667,"regular","No","No",-63.9647706646141,48.4429957421662,-63.9906708269709,48.4740929000451,-63.9035536996986,48.3869652891662
"GP058F",-63.8462841666667,48.3408816666667,"regular","No","Yes",-63.9234430211827,48.2685752615679,-63.8682125357389,48.324285181535,-63.9789089637905,48.3268388720336
"GP029F",-64.1689666666667,48.35765,"fixed 2013","Yes","No",NA,NA,NA,NA,NA,NA
"GP037F",-64.0670258333333,48.2312583333333,"regular","No","No",-64.0988633992857,48.1772795559607,-64.0736223520236,48.1707324607691,-64.0074039001972,48.1868161929146
"GP055F",-64.0233527516024,48.0464798152562,"regular","Yes","Yes",-64.0848373214181,48.1461828195874,-64.004297611011,48.1215190157126,-64.0581851344914,48.1193163450925
"GP071F",-63.85325,48.1515666666667,"fixed 2013","Yes","No",NA,NA,NA,NA,NA,NA
"GP043F",-60.8626026006783,47.4790771469189,"regular","Yes","Yes",-60.8487440316523,47.457283032706,-60.7726115173697,47.4420891320353,-60.8768237817246,47.4842273112523
"GP053F",-63.9389775,48.0347283333333,"regular","No","No",-63.9163733958562,48.1043158046505,-63.8437095577114,48.135944999722,-63.8443667883286,48.1429377281307
"GP039F",-64.0911,47.96305,"fixed 2013","Yes","No",NA,NA,NA,NA,NA,NA
"GP031F",-64.251895,47.820375,"regular","No","Yes",-64.2166214880064,47.8059609346171,-64.2689647867491,47.8426351822703,-64.2565209876526,47.8189518251618
"GP045F",-63.96788,47.938165,"regular","No","Yes",-63.8434510518904,47.9821227152895,-63.9060719205367,47.9465629122622,-63.871846606605,47.9668895911917
"GP062F",-63.7680166666667,47.9910166666667,"fixed 2013","Yes","No",NA,NA,NA,NA,NA,NA
"GP060F",-63.6768625,48.05774,"regular","No","No",-63.7970883178165,48.0705841314087,-63.7660065934442,48.0934820730458,-63.6936530965608,48.081384863136
"GP082F",-63.5362208333333,48.1478741666667,"regular","No","No",-63.4817551100098,48.0672879820025,-63.5424146557173,48.1080774011819,-63.596626257599,48.1011609368735
"GP075F",-63.6458833333333,48.2364333333333,"fixed 2013","Yes","No",NA,NA,NA,NA,NA,NA
"GP101F",-63.3994116666667,48.1362916666667,"regular","No","No",-63.3540683300157,48.0800459952818,-63.3827913344956,48.0402764752226,-63.3303068330101,48.0466734852388
"GP114F",-63.311325,48.2131391666667,"regular","No","No",-63.3687424428781,48.2274056717537,-63.374200640575,48.2120910309256,-63.4633044567499,48.1547843811612
"GP126F",-63.1593205573432,48.1454754208764,"fixed 2013","Yes","Yes",NA,NA,NA,NA,NA,NA
"GP118F",-63.7040730088856,48.2274202723921,"regular","Yes","Yes",-63.7113777578471,48.1860574648763,-63.738444050055,48.2409917178294,-63.6969475210752,48.2306570698877
"GP100F",-63.4156883333333,47.9769341666667,"regular","No","No",-63.4410758153868,48.011360500803,-63.45494513895,48.0292883782694,-63.3820793619013,47.9656637930259
"GP087F",-63.5366,47.9769666666667,"fixed 2013","Yes","No",NA,NA,NA,NA,NA,NA
"GP092F",-63.5405258333333,47.8309116666667,"regular","No","No",-63.533926642411,47.8582944705107,-63.5225853267762,47.909545507921,-63.5417083510937,47.8544395309763
"GP069F",-63.708975,47.90522,"regular","No","No",-63.7513550587687,47.8577346383426,-63.6484245495222,47.8214132470639,-63.7394343360252,47.9149875633551
"GP051F",-63.87455,47.8220833333333,"fixed 2013","Yes","Yes",NA,NA,NA,NA,NA,NA
"GP052F",-63.87842,47.7565858333333,"regular","No","No",-63.8288187808479,47.6985994721106,-63.9702242771244,47.7988119868298,-63.9029363055382,47.7507536003649
"GP047F",-63.9028575,47.6079633333333,"regular","No","Yes",-63.9613851482892,47.6131482754909,-63.9760739676636,47.609096930294,-63.9744933601577,47.6664040640447
"GP070F",-63.7035333333333,47.6405333333333,"fixed 2013","Yes","Yes",NA,NA,NA,NA,NA,NA
"GP093F",-63.6137866666667,47.6444458333333,"regular","No","No",-63.5558128569074,47.6744975432232,-63.6191951582812,47.6792018551187,-63.5116471978437,47.5804401739335
"GP063F",-63.6698958333333,47.7269175,"regular","No","No",-63.7845878491931,47.7222522452255,-63.6681492262899,47.7471533568917,-63.6887932256667,47.7028560693624
"GP095F",-63.4869166666667,47.7702833333333,"fixed 2013","Yes","Yes",NA,NA,NA,NA,NA,NA
"GP111F",-63.3216083333333,47.80411,"regular","No","No",-63.3710390141525,47.7040425275639,-63.4621174464966,47.7675241398764,-63.4259145248117,47.6983650040875
"GP110F",-63.3414141666667,47.8345591666667,"regular","No","No",-63.3315443606386,47.8768303331934,-63.3259437277863,47.8102966159843,-63.4223728572523,47.8661862292624
"GP129F",-63.18885,47.9285666666667,"fixed 2013","Yes","No",NA,NA,NA,NA,NA,NA
"GP281F",-61.742055,47.8981666666667,"regular","No","No",-61.6306969396426,47.8776730007874,-61.6078080900592,47.8827567322969,-61.7409875275338,47.8283456530987
"GP258F",-61.9078141666667,47.8674575,"regular","No","Yes",-61.914805295537,47.8041348299465,-61.8771386030642,47.8784586403151,-61.8029489815892,47.8090343932005
"GP247F",-61.98105,47.8659,"fixed 2013","Yes","No",NA,NA,NA,NA,NA,NA
"GP223F",-62.1852,47.8401008333333,"regular","No","No",-62.1733930247055,47.9077978068724,-62.2665786580458,47.8396261080423,-62.1684951035596,47.898291131424
"GP209F",-62.431615,47.9077883333333,"regular","No","No",-62.3937690438688,47.8828537013901,-62.2923157839359,47.8536039586257,-62.3859201756755,47.8911356614462
"GP204F",-62.4673166666667,47.9898,"fixed 2013","Yes","No",NA,NA,NA,NA,NA,NA
"GP193F",-62.5830658333333,47.9150041666667,"regular","No","Yes",-62.6200113414815,47.8721422798948,-62.5670442541537,47.8164206585925,-62.6000467683769,47.9155040198707
"GP183F",-62.6740233333333,48.0262825,"regular","No","No",-62.74886610873,47.9766225038348,-62.7710878988047,47.9291242497654,-62.6356412976786,48.0055765996007
"GP172F",-62.8102075,48.0328666666667,"regular","No","No",-62.8886843163919,47.9913970290403,-62.9218093934162,47.9236650066848,-62.7925941724231,47.9363713605532
"GP157F",-62.9148816666667,48.07479,"regular","No","Yes",-62.8585583286824,48.1260409455211,-62.9602606855506,48.0492063758407,-62.8372162151368,48.0566214591912
"GP143F",-63.0936233333333,48.04835,"regular","No","Yes",-62.9743634903973,48.1505787408946,-63.1129684697651,48.1304523588632,-62.9930698228947,48.0487062450166
"GP144F",-63.1073333333333,48.022,"fixed 2013","Yes","Yes",NA,NA,NA,NA,NA,NA
"GP136F",-63.1294483333333,47.8846208333333,"regular","No","No",-62.980125622841,47.8812790312704,-63.0350975515876,47.8121485106418,-63.0488906969585,47.8118470040042
"GP135F",-63.1426033333333,47.8115691666667,"regular","No","No",-63.2516401938288,47.8607270979785,-63.2413583537193,47.8329183590265,-63.304965028901,47.8550800714696
"GP145F",-63.0546,47.7356666666667,"fixed 2013","Yes","No",NA,NA,NA,NA,NA,NA
"GP131F",-63.1673191666667,47.7659766666667,"regular","No","No",-63.1393211685706,47.7112161370159,-63.2366661375959,47.7119340039004,-63.184941747265,47.783007245676
"GP137F",-63.1313658333333,47.6787475,"regular","No","Yes",-62.9824773043122,47.5857898988931,-63.0345182717881,47.6188350226035,-63.0762957140269,47.69000890324
"GP132F",-63.17275,47.5702,"fixed 2013","Yes","No",NA,NA,NA,NA,NA,NA
"GP119F",-63.2654233333333,47.6089216666667,"regular","No","Yes",-63.1451195798202,47.6392146024866,-63.291390394911,47.6211445477627,-63.2067264933916,47.6671079730769
"GP102F",-63.3965033333333,47.6202116666667,"regular","No","Yes",-63.3805087254794,47.6354544527732,-63.4191165616971,47.6511496814182,-63.4296023117918,47.6678917617289
"GP108F",-63.35755,47.5584,"fixed 2013","Yes","No",NA,NA,NA,NA,NA,NA
"GP104F",-63.4009333333333,47.4409783333333,"regular","No","No",-63.471512304967,47.4293773038198,-63.338291077736,47.4274383110105,-63.4709738641098,47.3527020471838
"GP079F",-63.4853583333333,47.3699233333333,"regular","No","No",-63.6335670669783,47.3713771468002,-63.4754895401513,47.4469062883264,-63.5592081509343,47.4520460673675
"GP090F",-63.5141666666667,47.34025,"fixed 2013","Yes","No",NA,NA,NA,NA,NA,NA
"GP097F",-63.3359591666667,47.3273116666667,"regular","No","No",-63.4119716743674,47.3374599530152,-63.3577766000773,47.3348305349602,-63.3588466107193,47.2673770248275
"GP105F",-63.3147766666667,47.1873258333333,"regular","No","Yes",-63.3360850395279,47.1256885357442,-63.3599391005862,47.1840588197641,-63.3835627045047,47.219013993379
"GP124F",-63.2445833333333,47.1770333333333,"fixed 2013","Yes","No",NA,NA,NA,NA,NA,NA
"GP150F",-63.095595,47.0929508333333,"regular","No","No",-62.9725684081319,47.0747210144868,-63.0387474402878,47.0026690729013,-63.0943896904824,47.0195971480904
"GP163F",-62.878735,47.097795,"regular","No","Yes",-62.8347699382658,47.0858680627506,-62.8791999736617,47.0119848793941,-62.8512058255863,47.1150213055175
"GP191F",-62.6086,47.0597833333333,"fixed 2013","Yes","No",NA,NA,NA,NA,NA,NA
"GP210F",-62.340065,47.0109683333333,"regular","No","No",-62.3295631323473,47.0657851339024,-62.3101071298632,47.0193109641579,-62.3586109311145,47.0517419727437
"GP229F",-62.1627483333333,46.9625875,"regular","No","No",-62.1280014588863,46.9774053726229,-62.1504760799499,46.9313954166613,-62.2202579967897,46.9328509551904
"GP246F",-61.9629666666667,46.96905,"fixed 2013","Yes","No",NA,NA,NA,NA,NA,NA
"GP252F",-61.857275,46.8907591666667,"regular","No","No",-61.9079237035715,46.8998878813508,-61.8825501928674,46.9336800014911,-61.8790510892932,46.9630446096824
"GP275F",-61.7247033333333,46.8720191666667,"regular","No","No",-61.6781605585188,46.8438152983058,-61.764987071127,46.8679826227091,-61.639228599653,46.8494311214104
"GP283F",-61.60915,46.737985,"regular","No","Yes",-61.4769940652298,46.7214657315046,-61.5066207582246,46.6633815583351,-61.5044889030954,46.6648942111516
"GP241F",-61.9905233333333,46.2724425,"regular","No","No",-62.1021525778459,46.2204592977865,-62.1237557400261,46.2482684071805,-61.986612673013,46.2126191414511
"GP231F",-62.1875283333333,46.2118183333333,"regular","No","No",-62.1826329397768,46.2377406196307,-62.154471642079,46.252384328394,-62.1425000162948,46.2089259064589
"GP238F",-62.1045,46.1109333333333,"fixed 2013","Yes","No",NA,NA,NA,NA,NA,NA
"GP262F",-61.8849075,46.0691258333333,"regular","No","No",-61.9523784860205,46.0138582964616,-61.84299570921,45.994155510254,-61.8125058524596,45.9943729081314
"GP264F",-61.846555,46.0789741666667,"regular","No","No",-61.8437308467634,46.1014265860607,-61.940756960994,46.1437474136728,-61.8946259407309,46.091829534784
"GP271F",-61.7448,45.9474,"fixed 2013","Yes","No",NA,NA,NA,NA,NA,NA
"GP270F",-61.7626858333333,46.0432675,"regular","No","Yes",-61.6700427790408,46.0288727469446,-61.7932834469048,46.0349498739289,-61.6479900646039,46.0696180105059
"GP277F",-61.6052413865914,46.1723914543083,"regular","Yes","No",-61.5787270046014,46.178200336769,-61.4929342389196,46.1853891570446,-61.5676269530243,46.0964364395823
"GP266F",-61.80135,46.1290333333333,"fixed 2013","Yes","Yes",NA,NA,NA,NA,NA,NA
"GP276F",-61.7407333333333,46.25092,"regular","No","No",-61.6374839137082,46.2744348030415,-61.6805375375687,46.2265631035318,-61.7342025732808,46.2206367368392
"GP254F",-61.8615441666667,46.2669208333333,"regular","No","No",-61.9027584246685,46.2614940954323,-61.9420718621213,46.2584885279375,-61.9503066171751,46.2862553564325
"GP256F",-61.9187833333333,46.31945,"fixed 2013","Yes","No",NA,NA,NA,NA,NA,NA
"GP255F",-61.9094791666667,47.05656,"regular","No","No",-61.8585354093698,47.0085694679458,-61.9119921831141,47.0599252542132,-61.9335563424081,47.0610857705192
"GP244F",-62.0069641666667,47.011915,"regular","No","No",-62.097073763715,47.0896563011943,-62.1138291904241,47.0791142706822,-62.1142122669672,47.0461155275807
"GP225F",-60.90385,47.6323,"fixed 2013","Yes","Yes",NA,NA,NA,NA,NA,NA
"GP349F",-60.4873875,47.0779591666667,"regular","No","Yes",-60.5251675899864,47.0707120536951,-60.5860463371035,47.0858244554454,-60.4838204941022,47.0817963089472
"GP355F",-60.3640558333333,47.2073033333333,"regular","No","Yes",-60.3167708753495,47.2632121193063,-60.343787110662,47.2301688035477,-60.4281283980121,47.2325261017597
"GP348F",-60.5507333333333,47.1995833333333,"fixed 2013","Yes","Yes",NA,NA,NA,NA,NA,NA
"GP343F",-60.6759191666667,47.2196391666667,"regular","No","No",-60.6965472072356,47.3037195009256,-60.6520749069739,47.2296029054428,-60.6640262161932,47.3056158329974
"GP347F",-60.58925,47.3075583333333,"regular","No","Yes",-60.5274877408635,47.2574853484682,-60.5360941646322,47.2529833456417,-60.5156864215845,47.2770409505139
"GP345F",-60.6491333333333,47.3658,"fixed 2013","Yes","No",NA,NA,NA,NA,NA,NA
"GP338F",-60.9188176100771,47.0818524893816,"regular","Yes","No",-60.8169214081726,47.0736318942551,-60.9275875492837,47.053204879663,-60.8056987205589,47.0177747564908
"GP328F",-60.93367,47.446095,"regular","No","No",-61.0099849663572,47.4738310058378,-60.9953276757818,47.4645613552866,-61.0928738019593,47.4742128354048
"GP337F",-60.8040333333333,47.3700333333333,"fixed 2013","Yes","Yes",NA,NA,NA,NA,NA,NA
"GP333F",-60.8771691666667,47.2716316666667,"regular","No","Yes",-60.8535641525592,47.3034479859215,-60.8896301395864,47.3256547740388,-60.7959677003641,47.2650926115043
"GP321F",-61.015755,47.3564233333333,"regular","No","Yes",-60.9644200559978,47.4233193214073,-60.9780091005557,47.4041813794743,-61.0930132233944,47.3656867999428
"GP314F",-61.0936333333333,47.3301833333333,"fixed 2013","Yes","No",NA,NA,NA,NA,NA,NA
"GP310F",-61.1379541666667,47.3762908333333,"regular","No","No",-61.1862383193029,47.3881780677797,-61.2539689363249,47.381738825799,-61.2282249730993,47.3495334297011
"GP308F",-61.1557783333333,47.3227991666667,"regular","No","No",-61.133328996176,47.2961242767929,-61.1457756339844,47.2782699656705,-61.1951656106919,47.3111908293136
"GP311F",-61.1140166666667,47.1660833333333,"fixed 2013","Yes","No",NA,NA,NA,NA,NA,NA
"GP307F",-61.1564475,47.0451783333333,"regular","No","No",-61.1547843094997,47.0358904857268,-61.2775259593928,47.0163403091578,-61.2576891159379,47.0438095739307
"GP297F",-61.379545,47.0052716666667,"regular","No","No",-61.404997521118,47.0587588560394,-61.353336727644,47.0537363068145,-61.408334935789,47.084048257894
"GP296F",-61.397,46.95965,"fixed 2013","Yes","Yes",NA,NA,NA,NA,NA,NA
"GP285F",-61.5573875,47.0151275,"regular","No","Yes",-61.4947559521807,47.0404831619629,-61.4537650547825,47.0179791029147,-61.4500630838599,47.0378394223413
"GP228F",-62.21097,47.7239825,"regular","No","No",-62.1183438294124,47.7333580624412,-62.1399346669246,47.7663923687688,-62.2001359065589,47.789227835139
"GP216F",-62.3752,47.7576833333333,"fixed 2013","Yes","Yes",NA,NA,NA,NA,NA,NA
"GP195F",-62.5846941666667,47.7532991666667,"regular","No","No",-62.5761502841069,47.7208400237638,-62.5391006858119,47.7192639752362,-62.4633725450069,47.7310436321754
"GP178F",-62.731395,47.8410333333333,"regular","No","Yes",-62.6419347222712,47.8296128180425,-62.6668243377605,47.8258765124966,-62.6730555769598,47.8407130873482
"GP168F",-62.8575083333333,47.8519991666667,"regular","No","No",-62.8605699375917,47.8421642221991,-62.9187473788541,47.8766182270258,-62.9130064100957,47.8781565730959
"GP175F",-62.7811291666667,47.79053,"regular","No","No",-62.6523398991968,47.7732982728052,-62.6411163298012,47.6967974856171,-62.6912804531355,47.8062486884111
"GP155F",-62.9296533333333,47.7073383333333,"regular","No","No",-62.9066696519002,47.7982685453491,-62.8922495799054,47.7051775709308,-62.8559206558864,47.7795452581293
"GP171F",-62.8124166666667,47.68845,"fixed 2013","Yes","No",NA,NA,NA,NA,NA,NA
"GP173F",-62.7925575,47.6587933333333,"regular","No","No",-62.6303171047468,47.590355417154,-62.7313653386281,47.6719349939699,-62.7069918176541,47.6322687173599
"GP148F",-63.022165,47.5367975,"regular","No","No",-63.0950117440339,47.5557521025003,-62.9835594612392,47.5662460577454,-63.061318011316,47.5255288917569
"GP167F",-62.9018833333333,47.5330741666667,"regular","No","No",-62.9164260963178,47.5595875740776,-62.8216182389287,47.571993341073,-62.8895770964318,47.5373004869267
"GP186F",-62.7709933333333,47.4938391666667,"regular","No","Yes",-62.6359189648986,47.5231379507356,-62.7825505866988,47.5270321358029,-62.6801931206406,47.5316268408689
"GP182F",-62.681925,47.442995,"regular","No","No",-62.7728462081618,47.4186894973837,-62.7843644945341,47.4358236955486,-62.7851595345785,47.3780703431188
"GP160F",-62.90075,47.3832333333333,"fixed 2013","Yes","Yes",NA,NA,NA,NA,NA,NA
"GP140F",-63.1293525,47.43419,"regular","No","No",-63.1105925481774,47.3680677244471,-63.0085084875773,47.3486134112658,-62.9695800057296,47.4324608644399
"GP117F",-63.2647183333333,47.3553208333333,"regular","No","No",-63.17353475922,47.3586822981308,-63.2393772952378,47.3811863507901,-63.1786727479117,47.4551776106815
"GP146F",-63.0352,47.3174,"fixed 2013","Yes","No",NA,NA,NA,NA,NA,NA
"GP116F",-63.1477325,47.2854,"regular","No","No",-63.1405018834154,47.2762335383183,-63.2524857803725,47.2580701912822,-63.2484376566427,47.3127980321162
"GP151F",-63.0033758333333,47.1867366666667,"regular","No","No",-62.9979392162034,47.1546751063246,-63.1231221351716,47.1704937404656,-62.9967155861228,47.1628646886897
"GP161F",-62.9163833333333,47.2967666666667,"fixed 2013","Yes","No",NA,NA,NA,NA,NA,NA
"GP164F",-62.8764166666667,47.1687783333333,"regular","No","Yes",-62.8195875704723,47.1542503783139,-62.8055247152968,47.1438778112541,-62.9461615155809,47.2035177156265
"GP177F",-62.6867158333333,47.1607791666667,"regular","No","No",-62.6558417619056,47.1971590579458,-62.7501406300662,47.1491974865263,-62.7164794092821,47.2264583180005
"GP190F",-62.61015,47.2088333333333,"fixed 2013","Yes","No",NA,NA,NA,NA,NA,NA
"GP221F",-62.4154875,47.1237816666667,"regular","No","No",-62.4321355136288,47.1601665481685,-62.448614697232,47.1990690655272,-62.4400789193437,47.1676235502998
"GP232F",-62.1886991666667,47.1488791666667,"regular","No","No",-62.2669263983607,47.1546101769942,-62.2642947904418,47.2024050158457,-62.2769569864725,47.2027394623648
"GP279F",-61.7830166666667,46.92395,"fixed 2013","Yes","No",NA,NA,NA,NA,NA,NA
"GP291F",-61.5225594238424,46.9225777420489,"regular","Yes","Yes",-61.560790776983,46.9596341180877,-61.6147501418143,46.8900138123724,-61.5023327990981,46.9728744383912
"GP288F",-61.5027275,46.8085133333333,"regular","No","No",-61.5327190707133,46.8192786971819,-61.5344360780005,46.8352078135507,-61.5475572698138,46.8542045380597
"GP286F",-61.5455333333333,46.6075475,"regular","No","No",-61.574230055689,46.6419093170712,-61.5695379842356,46.6305418526813,-61.4984776630918,46.6158545678647
"GP272F",-61.7457391666667,46.4771575,"regular","No","Yes",-61.6619961277946,46.4417792504986,-61.7049891321968,46.4523351504951,-61.7668235407756,46.4521412579899
"GP267F",-61.7844741666667,46.3919658333333,"regular","No","No",-61.6918313050383,46.3765459884156,-61.6960642050138,46.3529042111016,-61.6506297482029,46.3143998458295
"GP280F",-61.6206666666667,46.3826833333333,"fixed 2013","Yes","Yes",NA,NA,NA,NA,NA,NA
"GP284F",-61.5974033333333,46.2175433333333,"regular","No","No",-61.5281813385942,46.2041506903514,-61.5748724829332,46.1996917560094,-61.4999035188933,46.2133449808426
"GP294F",-61.4417183333333,46.2003725,"regular","No","No",-61.4029882738316,46.2361714212266,-61.4009346584548,46.2581578411847,-61.4494214670817,46.2290229650135
"GP301F",-61.3379166666667,46.3711666666667,"fixed 2013","Yes","No",NA,NA,NA,NA,NA,NA
"GP289F",-61.4765083333333,46.4507758333333,"regular","No","No",-61.4705972722512,46.4228398348449,-61.622835148732,46.4925230067553,-61.5414110799501,46.4435032895281
"GP298F",-61.4109233333333,46.5100141666667,"regular","No","No",-61.3024048095887,46.4829561002687,-61.3092929264712,46.4962892741851,-61.4566202968978,46.4673627176901
"GP292F",-61.9583308393252,46.6350511344115,"regular","Yes","Yes",-61.8986457800806,46.5762007441318,-61.926668868626,46.5899264504102,-61.9589720346631,46.5679969355796
"GP340F",-60.746395,47.0556175,"regular","No","Yes",-60.7240143099002,47.0377631518307,-60.7523705789763,47.053330575692,-60.6816184649616,46.9932106111834
"GP339F",-60.7593675,47.15132,"regular","No","No",-60.6103386638412,47.155134390952,-60.7723469813983,47.096721365713,-60.6540278338676,47.094056216113
"GP329F",-60.9120833333333,47.1707833333333,"fixed 2013","Yes","No",NA,NA,NA,NA,NA,NA
"GP317F",-61.04978,47.1073741666667,"regular","No","No",-61.0910969879544,47.1515658392565,-61.0780132750485,47.1943453014108,-61.0675822465761,47.1592115908699
"GP327F",-60.9578283333333,47.007265,"regular","No","No",-61.0286011501226,46.995064981184,-61.0387383284264,47.0201682370464,-61.0683289253398,46.9947724672125
"GP332F",-60.8140333333333,46.97955,"fixed 2013","Yes","Yes",NA,NA,NA,NA,NA,NA
"GP336F",-61.0900867336171,46.6768973817803,"regular","Yes","No",-61.0638736439524,46.7041920211364,-61.030862199055,46.678159509828,-61.106078833483,46.7163263314647
"GP330F",-60.9018675,46.8347308333333,"regular","No","No",-60.8997697968768,46.8263912942343,-60.9450406731669,46.8270567859986,-60.9282500204981,46.8483511930459
"GP318F",-61.0496,46.8468666666667,"fixed 2013","Yes","No",NA,NA,NA,NA,NA,NA
"GP322F",-61.0079358333333,46.9364766666667,"regular","No","Yes",-60.9818914017885,46.9440603585114,-61.0400246754895,46.9548614604311,-61.0733392815821,46.9042045630249
"GP309F",-61.14274,46.9105208333333,"regular","No","No",-61.2061730408008,46.9496588874019,-61.2691362146927,46.8949518069042,-61.1398491136066,46.8830501383941
"GP302F",-61.2904166666667,46.8140666666667,"fixed 2013","Yes","No",NA,NA,NA,NA,NA,NA
"GP304F",-61.2525208333333,46.8013025,"regular","No","No",-61.1628103315557,46.8464658947956,-61.1537773848996,46.8328282645674,-61.2590298278221,46.8000296493875
"GP299F",-61.3555225,46.733695,"regular","No","No",-61.4199601471895,46.7576196012316,-61.4031164628631,46.659556342012,-61.3489261962701,46.7241022805157
"GP306F",-61.4477833333333,46.5323,"fixed 2013","Yes","No",NA,NA,NA,NA,NA,NA
"GP305F",-61.240725,46.6328625,"regular","No","Yes",-61.2484900187092,46.6368035646418,-61.2721613818502,46.5545634927139,-61.2875341241723,46.557115076703
"GP319F",-61.12793,46.6784008333333,"regular","No","No",-61.2224452080597,46.687515139199,-61.1577603154916,46.7298444056084,-61.2230318358792,46.6994229008356
